Letters,1,2,3,4,5,6,7,8,9,10,11
,a,AI,act,also,about,abroad,against,accident,according,attractive,Afghanistan
,I,am,age,area,above,accept,Alaskan,activity,afternoon,Azerbaijan,calligraphy
,,an,ago,aunt,actor,across,already,actually,animation,basketball,communicate
,,as,air,away,after,action,amazing,airplane,apologize,campground,convenience
,,at,all,baby,again,active,America,American,astronaut,conference,countryside
,,be,and,back,agony,advice,ancient,animated,athletics,convenient,development
,,by,any,ball,agree,affect,another,announce,attracted,countdown,effectively
,,do,are,band,album,afraid,archery,anything,Australia,definitely,electricity
,,go,arm,bath,alive,Alaska,arrived,anywhere,badminton,dictionary,environment
,,he,art,bean,alone,almost,article,aquarium,beautiful,difference,fortunately
,,hi,ask,bear,along,always,athlete,artistic,beginning,earthquake,grandfather
,,if,ate,beat,amaze,amount,avocado,audience,bookstore,eighteenth,grandmother
,,in,bad,beef,among,animal,awesome,backpack,breakfast,electronic,information
,,is,bag,been,angle,answer,barrier,baseball,callback,endangered,inspiration
,,it,ban,bell,angry,anyone,battery,bathroom,carefully,especially,instruction
,,me,bat,best,apple,anyway,because,beginner,certainly,eucalyptus,interesting
,,my,bed,bike,apply,appear,believe,behavior,challenge,evacuation,performance
,,no,big,bill,April,Arctic,besides,birthday,character,eventually,Philippines
,,of,Bob,bird,apron,around,between,broccoli,childhood,everything,reservation
,,oh,box,blog,Asian,arrest,bicycle,building,chocolate,everywhere,seventeenth
,,OK,boy,blue,baker,arrive,billion,campaign,classmate,exhibition,stomachache
,,on,bus,boat,beach,artist,braille,chemical,classroom,experience,supermarket
,,or,but,body,began,attach,British,children,cloudless,extinction,sustainable
,,so,buy,bomb,begin,attend,brother,climbing,condition,fieldtrip,traditional
,,to,bye,book,below,August,brought,colorful,dangerous,first-hand,translation
,,TV,can,born,bench,autumn,cabbage,comedian,delicious,fourteenth,Westminster
,,up,cap,both,berry,banana,camping,computer,different,functional,
,,us,car,bump,black,beauty,capture,consumer,difficult,government,
,,we,cat,burn,blend,became,careful,continue,disappear,graduation,
,,,cow,busy,blind,become,caribou,creative,dodgeball,guestbook,
,,,cry,cafe,block,before,century,cucumber,ecosystem,gymnastics,
,,,cup,cake,boots,behind,Charlie,cultural,effective,illiterate,
,,,cut,call,bored,beside,cheetah,customer,emergency,interested,
,,,dad,came,brain,better,chicken,daughter,encourage,kiwifruit,
,,,dam,camp,brave,beyond,Chinese,December,establish,mechanical,
,,,day,card,bread,bitter,citizen,decision,everyday,nineteenth,
,,,did,care,break,border,clearly,decorate,exception,originally,
,,,die,case,breed,borrow,climate,decrease,expensive,Paralympic,
,,,dog,Cebu,bring,bother,climber,delivery,fantastic,photograph,
,,,dot,chef,brown,bottle,clothes,dinosaur,fifteenth,playground,
,,,ear,city,brush,bought,collect,directly,forgetful,population,
,,,eat,club,Bugis,boxing,college,disabled,halo-halo,relatively,
,,,egg,coal,build,Brazil,comment,disagree,hamburger,researcher,
,,,end,coat,built,bridge,company,disaster,important,restaurant,
,,,era,coin,canal,bright,concert,discover,influence,simulation,
,,,eye,cold,candy,burden,connect,domestic,interview,smartphone,
,,,fan,come,canoe,camera,contact,downtown,introduce,stationery,
,,,far,cook,carry,cancer,content,dropout,invention,strawberry,
,,,few,cool,catch,candle,contest,Egyptian,Kamchatka,successful,
,,,fly,corn,chair,cannot,control,eighteen,kilometer,technology,
,,,for,cute,cheap,career,cooking,elephant,knowledge,themselves,
,,,fun,data,check,carrot,country,eleventh,necessary,thirteenth,
,,,get,date,cheer,castle,courage,employee,newspaper,tournament,
,,,got,dead,child,center,cricket,entrance,operation,translator,
,,,gym,dear,China,change,crowded,envelope,performer,understand,
,,,had,deep,class,charge,culture,everyone,pineapple,understood,
,,,has,desk,clean,cheese,curious,exchange,president,university,
,,,hat,dish,clerk,cherry,cushion,exciting,professor,videogame,
,,,her,dive,climb,choose,cycling,facility,radiation,volleyball,
,,,hey,does,clock,chorus,dancing,favorite,rainwater,watermelon,
,,,him,done,close,circle,Denmark,February,recognize,waterproof,
,,,his,door,cloth,cloudy,dentist,feedback,rectangle,well-known,
,,,hot,down,coach,coffee,dessert,festival,renewable,wheelchair,
,,,how,draw,color,colony,destroy,Filipino,scientist,wilderness,
,,,hut,drop,comic,comedy,develop,firework,selection,,
,,,ice,drum,Congo,common,diamond,follower,September,,
,,,ill,each,could,cookie,elderly,football,seventeen,,
,,,ink,earn,count,corner,English,fourteen,Singapore,,
,,,its,east,cross,couple,evening,friendly,sixteenth,,
,,,jam,easy,crowd,course,example,globally,something,,
,,,jar,else,curry,cousin,excited,Godzilla,sometimes,,
,,,jet,Emma,daily,crayon,explain,goodness,somewhere,,
,,,job,even,dance,create,feather,graduate,spaghetti,,
,,,jog,ever,David,cruise,feature,handout,surprised,,
,,,kit,face,death,damage,feeling,handrail,telephone,,
,,,law,fact,Diane,danger,fiction,headache,thirtieth,,
,,,LED,fall,drama,debate,fifteen,heritage,toothache,,
,,,leg,fast,dream,decide,finally,homestay,tradition,,
,,,let,feel,drill,depend,fishing,homework,translate,,
,,,lot,fell,drink,design,florist,Honolulu,transport,,
,,,Mac,felt,drive,detail,foolish,hospital,triathlon,,
,,,man,find,drove,device,foreign,increase,twentieth,,
,,,map,fine,early,dinner,forever,interest,universal,,
,,,May,fire,Earth,diving,forward,internet,vegetable,,
,,,Meg,fish,eight,doctor,freedom,inventor,volunteer,,
,,,men,five,enjoy,dollar,garbage,Japanese,Wednesday,,
,,,met,fold,event,donate,general,kindness,wonderful,,
,,,mix,food,every,driver,glacier,language,worldwide,,
,,,mom,foot,favor,during,gondola,magazine,wrestling,,
,,,new,four,fever,easily,goodbye,marathon,yesterday,,
,,,nod,free,field,effort,gorilla,Margaret,zookeeper,,
,,,not,frog,fifth,eighth,grandma,midnight,,,
,,,now,from,fifty,eighty,greatly,moreover,,,
,,,nut,full,fight,either,habitat,mountain,,,
,,,off,game,first,eleven,helpful,movement,,,
,,,oil,gave,flour,e-mail,herself,mushroom,,,
,,,old,gift,focus,ending,himself,musician,,,
,,,one,girl,forty,energy,history,national,,,
,,,our,give,found,enough,holiday,negative,,,
,,,out,glad,front,eraser,hopeful,neighbor,,,
,,,own,gone,fruit,ethnic,horizon,nineteen,,,
,,,pay,good,funny,excuse,however,notebook,,,
,,,pen,grew,given,extend,hundred,November,,,
,,,pie,grow,glass,family,hunting,Olympics,,,
,,,pig,hair,globe,famous,husband,ordinary,,,
,,,pop,half,glove,farmer,Iceland,original,,,
,,,pot,hall,goby,father,illegal,overseas,,,
,,,put,hand,goods,finger,imagine,painting,,,
,,,ran,hard,goon,finish,improve,peaceful,,,
,,,raw,have,grand,flower,include,pleasure,,,
,,,red,head,grape,follow,inline,populous,,,
,,,row,hear,graph,forest,instead,positive,,,
,,,run,heat,great,forget,January,possible,,,
,,,sad,held,green,fossil,jogging,powerful,,,
,,,saw,help,group,fourth,kitchen,practice,,,
,,,say,here,guess,freely,leading,precious,,,
,,,sea,hero,guest,Friday,lettuce,prepared,,,
,,,see,hers,guide,friend,library,preserve,,,
,,,set,high,happy,future,limited,probably,,,
,,,she,hold,heard,Gandhi,locally,progress,,,
,,,shy,hole,heart,garage,logging,question,,,
,,,sit,home,heavy,gather,luggage,recorder,,,
,,,six,hope,hello,gentle,lullaby,relation,,,
,,,ski,host,hobby,getup,Mahatma,remember,,,
,,,sky,hour,horse,golden,meaning,research,,,
,,,son,hunt,hotel,ground,measure,resident,,,
,,,sun,hurt,house,growth,Merlion,resource,,,
,,,tag,idea,human,guitar,message,restroom,,,
,,,tax,into,image,handle,morning,runaway,,,
,,,tea,IUCN,India,happen,musical,sandwich,,,
,,,ten,jail,inner,Hawaii,natural,Saturday,,,
,,,the,join,Inuit,health,nervous,scissors,,,
,,,toe,Josh,Italy,hiking,netball,seasonal,,,
,,,ton,July,Japan,horror,nothing,sentence,,,
,,,too,jump,judge,hungry,nuclear,shopping,,,
,,,try,June,juice,import,October,shoulder,,,
,,,two,just,Kenya,Indian,opinion,sidewalk,,,
,,,umm,keep,knock,injure,outdoor,sinigang,,,
,,,use,kept,known,inside,outside,sometime,,,
,,,vet,kick,koala,invent,parfait,specific,,,
,,,war,kill,large,invite,percent,standard,,,
,,,was,kind,later,island,perfect,standup,,,
,,,way,king,learn,junior,perform,straight,,,
,,,who,kiwi,leave,latest,picture,strength,,,
,,,why,knee,lemon,lawyer,plastic,suddenly,,,
,,,win,knew,light,leader,playful,sunshine,,,
,,,won,know,liter,leaves,playing,surprise,,,
,,,wow,lake,lives,legacy,police,surround,,,
,,,Woz,lamp,local,letter,popcorn,survival,,,
,,,yen,land,lucky,listen,popular,swimming,,,
,,,yes,last,lunch,little,pottery,syllable,,,
,,,yet,late,Malay,living,prepare,terrible,,,
,,,you,lead,mango,London,present,textbook,,,
,,,zoo,leaf,March,lonely,problem,Thailand,,,
,,,,left,match,magnet,produce,thirteen,,,
,,,,less,maybe,marker,product,thousand,,,
,,,,life,mayor,market,protect,Thursday,,,
,,,,like,meant,medium,protest,together,,,
,,,,Lily,melon,member,pudding,tomorrow,,,
,,,,line,metal,memory,quarter,traveler,,,
,,,,link,meter,middle,quickly,triangle,,,
,,,,lion,mixed,mining,quietly,umbrella,,,
,,,,list,mommy,minute,rainbow,unicycle,,,
,,,,live,money,mirror,rapidly,vacation,,,
,,,,long,month,moment,reading,violence,,,
,,,,look,mouse,Monday,realize,workout,,,
,,,,lose,mouth,monkey,receive,yourself,,,
,,,,loss,movie,mother,release,,,,
,,,,lost,music,museum,respect,,,,
,,,,love,never,myself,sailing,,,,
,,,,luck,night,Naples,satisfy,,,,
,,,,made,ninth,nature,sausage,,,,
,,,,main,nurse,ninety,science,,,,
,,,,make,ocean,noodle,seafood,,,,
,,,,many,often,number,seaweed,,,,
,,,,math,onion,office,serious,,,,
,,,,mean,other,omelet,service,,,,
,,,,meat,panda,orange,seventh,,,,
,,,,meet,pants,pardon,seventy,,,,
,,,,menu,paper,parent,several,,,,
,,,,Mike,party,pencil,shaking,,,,
,,,,milk,peace,people,shelter,,,,
,,,,mine,peach,period,similar,,,,
,,,,mini,phone,person,sitting,,,,
,,,,miss,photo,picnic,sixteen,,,,
,,,,mist,piano,planet,society,,,,
,,,,more,piece,player,someday,,,,
,,,,most,pilaf,please,somehow,,,,
,,,,move,pilot,pocket,someone,,,,
,,,,much,Pixar,poster,speaker,,,,
,,,,must,pizza,potato,special,,,,
,,,,name,place,powder,species,,,,
,,,,near,plant,pretty,stadium,,,,
,,,,need,plate,purple,stapler,,,,
,,,,news,point,pursue,starter,,,,
,,,,next,power,rabbit,station,,,,
,,,,nice,price,racket,student,,,,
,,,,nine,print,radish,stylish,,,,
,,,,noon,queen,really,subject,,,,
,,,,nose,quiet,reason,sunrise,,,,
,,,,note,quite,recipe,support,,,,
,,,,oily,rainy,relate,surfing,,,,
,,,,once,reach,remind,surgery,,,,
,,,,only,ready,remove,survive,,,,
,,,,oops,relax,report,sweater,,,,
,,,,open,relay,result,teacher,,,,
,,,,ours,reply,return,theater,,,,
,,,,over,rhyme,rhythm,thirsty,,,,
,,,,paid,right,rookie,thought,,,,
,,,,park,river,runner,through,,,,
,,,,part,round,sacred,tightly,,,,
,,,,pass,rugby,safely,tourist,,,,
,,,,past,ruler,scared,traffic,,,,
,,,,pick,rupee,school,trouble,,,,
,,,,pink,salad,season,trumpet,,,,
,,,,plan,salty,second,T-shirt,,,,
,,,,play,sauce,select,Tuesday,,,,
,,,,poem,scary,server,twelfth,,,,
,,,,poet,scene,setup,uniform,,,,
,,,,pond,scuba,severe,usually,,,,
,,,,poor,sense,shadow,variety,,,,
,,,,pork,seven,shorts,various,,,,
,,,,post,shade,should,village,,,,
,,,,prop,shall,shower,visitor,,,,
,,,,pull,shape,shrine,wakeup,,,,
,,,,quiz,share,simple,weather,,,,
,,,,rain,sheep,singer,website,,,,
,,,,ramp,shirt,sister,weekday,,,,
,,,,read,short,sleepy,weekend,,,,
,,,,real,sight,slowly,welcome,,,,
,,,,rest,since,soccer,without,,,,
,,,,rice,sixth,speech,written,,,,
,,,,rich,sixty,spider,,,,,
,,,,ride,skate,spoken,,,,,
,,,,rise,skill,sporty,,,,,
,,,,road,sleep,spread,,,,,
,,,,rode,slide,spring,,,,,
,,,,role,small,square,,,,,
,,,,roll,smile,street,,,,,
,,,,room,Smith,strict,,,,,
,,,,rose,snack,strong,,,,,
,,,,rule,snake,studio,,,,,
,,,,safe,snowy,subway,,,,,
,,,,said,solve,summer,,,,,
,,,,sale,sorry,Sunday,,,,,
,,,,salt,sound,supply,,,,,
,,,,same,speak,survey,,,,,
,,,,save,speed,Sydney,,,,,
,,,,seem,spell,symbol,,,,,
,,,,seen,spend,taught,,,,,
,,,,sell,spent,temple,,,,,
,,,,send,spice,tennis,,,,,
,,,,sent,spoke,theirs,,,,,
,,,,ship,sport,thirty,,,,,
,,,,shoe,staff,though,,,,,
,,,,shop,stage,ticket,,,,,
,,,,show,stair,tomato,,,,,
,,,,sick,stand,travel,,,,,
,,,,side,start,trivia,,,,,
,,,,sing,steak,tundra,,,,,
,,,,sink,steal,twelve,,,,,
,,,,site,steam,twenty,,,,,
,,,,size,stick,UNESCO,,,,,
,,,,slow,still,unfair,,,,,
,,,,snow,stole,unique,,,,,
,,,,soft,stood,unused,,,,,
,,,,sold,store,useful,,,,,
,,,,some,story,Venice,,,,,
,,,,song,study,violin,,,,,
,,,,soon,sunny,weapon,,,,,
,,,,soup,super,weight,,,,,
,,,,sour,sweet,Wilson,,,,,
,,,,spot,table,window,,,,,
,,,,star,taken,winner,,,,,
,,,,stay,Tamil,winter,,,,,
,,,,stop,teach,wisdom,,,,,
,,,,such,teeth,wonder,,,,,
,,,,sure,tenth,writer,,,,,
,,,,swim,thank,yellow,,,,,
,,,,take,their,yogurt,,,,,
,,,,talk,there,,,,,,
,,,,tall,these,,,,,,
,,,,taxi,thick,,,,,,
,,,,team,thing,,,,,,
,,,,tell,think,,,,,,
,,,,tent,third,,,,,,
,,,,text,those,,,,,,
,,,,than,three,,,,,,
,,,,that,throw,,,,,,
,,,,them,tiger,,,,,,
,,,,then,tired,,,,,,
,,,,they,title,,,,,,
,,,,this,toast,,,,,,
,,,,time,today,,,,,,
,,,,tiny,tooth,,,,,,
,,,,told,topic,,,,,,
,,,,took,touch,,,,,,
,,,,tour,tough,,,,,,
,,,,town,towel,,,,,,
,,,,tree,tower,,,,,,
,,,,trip,trade,,,,,,
,,,,true,trail,,,,,,
,,,,Tube,train,,,,,,
,,,,turn,trash,,,,,,
,,,,type,truck,,,,,,
,,,,user,trust,,,,,,
,,,,very,twice,,,,,,
,,,,wait,uncle,,,,,,
,,,,wake,under,,,,,,
,,,,walk,until,,,,,,
,,,,wall,video,,,,,,
,,,,want,visit,,,,,,
,,,,warm,voice,,,,,,
,,,,wash,waste,,,,,,
,,,,wave,watch,,,,,,
,,,,weak,water,,,,,,
,,,,wear,weigh,,,,,,
,,,,week,whale,,,,,,
,,,,well,where,,,,,,
,,,,went,which,,,,,,
,,,,were,while,,,,,,
,,,,west,white,,,,,,
,,,,what,whose,,,,,,
,,,,when,woman,,,,,,
,,,,wide,women,,,,,,
,,,,wife,world,,,,,,
,,,,wild,worry,,,,,,
,,,,will,worth,,,,,,
,,,,wind,would,,,,,,
,,,,wish,write,,,,,,
,,,,with,wrong,,,,,,
,,,,woke,wrote,,,,,,
,,,,word,young,,,,,,
,,,,work,yours,,,,,,
,,,,wrap,,,,,,,
,,,,yeah,,,,,,,
,,,,year,,,,,,,
,,,,your,,,,,,,
,,,,zero,,,,,,,
